<?xml version="1.0" encoding="UTF-8"?><rss version="2.0"
	xmlns:content="http://purl.org/rss/1.0/modules/content/"
	xmlns:wfw="http://wellformedweb.org/CommentAPI/"
	xmlns:dc="http://purl.org/dc/elements/1.1/"
	xmlns:atom="http://www.w3.org/2005/Atom"
	xmlns:sy="http://purl.org/rss/1.0/modules/syndication/"
	xmlns:slash="http://purl.org/rss/1.0/modules/slash/"
	
	xmlns:georss="http://www.georss.org/georss"
	xmlns:geo="http://www.w3.org/2003/01/geo/wgs84_pos#"
	>

<channel>
	<title>T-shirt - GlassArt</title>
	<atom:link href="http://localhost/progetto1/product-tag/t-shirt/feed/?simply_static_page=264" rel="self" type="application/rss+xml" />
	<link></link>
	<description></description>
	<lastBuildDate>Fri, 03 Mar 2023 16:17:58 +0000</lastBuildDate>
	<language>it-IT</language>
	<sy:updatePeriod>
	hourly	</sy:updatePeriod>
	<sy:updateFrequency>
	1	</sy:updateFrequency>
	<generator>https://wordpress.org/?v=6.1.1</generator>

<image>
	<url>/wp-content/uploads/2017/07/cropped-belinni-favicon-80x80.png</url>
	<title>T-shirt - GlassArt</title>
	<link></link>
	<width>32</width>
	<height>32</height>
</image> 
	<item>
		<title>Vaso in vetro artigianale</title>
		<link>/product/stylish-%d1%81actus/?utm_source=rss#038;utm_medium=rss&#038;utm_campaign=stylish-%25d1%2581actus</link>
					<comments>/product/stylish-%d1%81actus/#comments</comments>
		
		<dc:creator><![CDATA[samuele]]></dc:creator>
		<pubDate>Wed, 24 May 2017 11:40:10 +0000</pubDate>
				<guid isPermaLink="false">http://belinni.pixel-show.com/?post_type=product&#038;p=406</guid>

					<description><![CDATA[<p>Il nostro vaso in vetro fatto a mano è un'opera d'arte che unisce la bellezza e l'eleganza del vetro soffiato alla maestria artigiana di un vero e proprio maestro vetraio. Ogni vaso è unico, poiché la sua realizzazione avviene interamente a mano, con una cura e una precisione che solo un artigiano esperto può garantire.</p>
<p>Il vetro utilizzato per la realizzazione di questo vaso è di alta qualità, cristallino e trasparente, in grado di riflettere la luce e creare riflessi unici. La sua forma è slanciata e sinuosa, con linee fluide e morbide che si adattano perfettamente a qualsiasi ambiente e stile di arredamento.</p>
<p>Il vaso è ideale per contenere fiori o piante, grazie alla sua forma allungata e alla sua stabilità garantita dalla base ampia e solida. Il vetro è resistente e duraturo, in grado di conservare il suo splendore e la sua trasparenza nel tempo.</p>
<p>Il vaso in vetro fatto a mano è un'opzione di design perfetta per arricchire qualsiasi ambiente, dalla casa alla stanza da lavoro, dagli spazi esterni ai locali commerciali. La sua bellezza e la sua originalità sono uniche, in grado di catturare l'attenzione di chiunque lo veda.</p>
<p>The post <a href="/product/stylish-%d1%81actus/">Vaso in vetro artigianale</a> first appeared on <a href="">GlassArt</a>.</p>]]></description>
										<content:encoded><![CDATA[<p>Il nostro vaso in vetro fatto a mano è un&#8217;opera d&#8217;arte che unisce la bellezza e l&#8217;eleganza del vetro soffiato alla maestria artigiana di un vero e proprio maestro vetraio. Ogni vaso è unico, poiché la sua realizzazione avviene interamente a mano, con una cura e una precisione che solo un artigiano esperto può garantire.</p>
<p>Il vetro utilizzato per la realizzazione di questo vaso è di alta qualità, cristallino e trasparente, in grado di riflettere la luce e creare riflessi unici. La sua forma è slanciata e sinuosa, con linee fluide e morbide che si adattano perfettamente a qualsiasi ambiente e stile di arredamento.</p>
<p>Il vaso è ideale per contenere fiori o piante, grazie alla sua forma allungata e alla sua stabilità garantita dalla base ampia e solida. Il vetro è resistente e duraturo, in grado di conservare il suo splendore e la sua trasparenza nel tempo.</p>
<p>Il vaso in vetro fatto a mano è un&#8217;opzione di design perfetta per arricchire qualsiasi ambiente, dalla casa alla stanza da lavoro, dagli spazi esterni ai locali commerciali. La sua bellezza e la sua originalità sono uniche, in grado di catturare l&#8217;attenzione di chiunque lo veda.</p><p>The post <a href="/product/stylish-%d1%81actus/">Vaso in vetro artigianale</a> first appeared on <a href="">GlassArt</a>.</p>]]></content:encoded>
					
					<wfw:commentRss>/product/stylish-%d1%81actus/feed/</wfw:commentRss>
			<slash:comments>1</slash:comments>
		
		
			</item>
	</channel>
</rss>
