<?xml version="1.0" encoding="UTF-8"?><rss version="2.0"
	xmlns:content="http://purl.org/rss/1.0/modules/content/"
	xmlns:dc="http://purl.org/dc/elements/1.1/"
	xmlns:atom="http://www.w3.org/2005/Atom"
	xmlns:sy="http://purl.org/rss/1.0/modules/syndication/"
	
	xmlns:georss="http://www.georss.org/georss"
	xmlns:geo="http://www.w3.org/2003/01/geo/wgs84_pos#"
	
	>
<channel>
	<title>
	Commenti a: Arcobaleno in vetro	</title>
	<atom:link href="http://localhost/progetto1/product/delicious-berries/feed/?simply_static_page=230" rel="self" type="application/rss+xml" />
	<link>/product/delicious-berries/?utm_source=rss#038;utm_medium=rss&#038;utm_campaign=delicious-berries</link>
	<description></description>
	<lastBuildDate>Fri, 03 Mar 2023 16:18:21 +0000</lastBuildDate>
	<sy:updatePeriod>
	hourly	</sy:updatePeriod>
	<sy:updateFrequency>
	1	</sy:updateFrequency>
	<generator>https://wordpress.org/?v=6.1.1</generator>
	<item>
		<title>
		Di: Viktoria		</title>
		<link>/product/delicious-berries/#comment-30</link>

		<dc:creator><![CDATA[Viktoria]]></dc:creator>
		<pubDate>Wed, 24 May 2017 12:56:03 +0000</pubDate>
		<guid isPermaLink="false">http://belinni.pixel-show.com/?post_type=product&#038;p=405#comment-30</guid>

					<description><![CDATA[Stylish blouse.]]></description>
			<content:encoded><![CDATA[<p>Stylish blouse.</p>
]]></content:encoded>
		
			</item>
	</channel>
</rss>
