<?xml version="1.0" encoding="UTF-8"?><rss version="2.0"
	xmlns:content="http://purl.org/rss/1.0/modules/content/"
	xmlns:dc="http://purl.org/dc/elements/1.1/"
	xmlns:atom="http://www.w3.org/2005/Atom"
	xmlns:sy="http://purl.org/rss/1.0/modules/syndication/"
	
	xmlns:georss="http://www.georss.org/georss"
	xmlns:geo="http://www.w3.org/2003/01/geo/wgs84_pos#"
	
	>
<channel>
	<title>
	Commenti a: Cavallo in vetro artigianale	</title>
	<atom:link href="http://localhost/progetto1/product/flowers/feed/?simply_static_page=234" rel="self" type="application/rss+xml" />
	<link>/product/flowers/?utm_source=rss#038;utm_medium=rss&#038;utm_campaign=flowers</link>
	<description></description>
	<lastBuildDate>Fri, 03 Mar 2023 16:13:51 +0000</lastBuildDate>
	<sy:updatePeriod>
	hourly	</sy:updatePeriod>
	<sy:updateFrequency>
	1	</sy:updateFrequency>
	<generator>https://wordpress.org/?v=6.1.1</generator>
</channel>
</rss>
