<?xml version="1.0" encoding="UTF-8"?><rss version="2.0"
	xmlns:content="http://purl.org/rss/1.0/modules/content/"
	xmlns:wfw="http://wellformedweb.org/CommentAPI/"
	xmlns:dc="http://purl.org/dc/elements/1.1/"
	xmlns:atom="http://www.w3.org/2005/Atom"
	xmlns:sy="http://purl.org/rss/1.0/modules/syndication/"
	xmlns:slash="http://purl.org/rss/1.0/modules/slash/"
	
	xmlns:georss="http://www.georss.org/georss"
	xmlns:geo="http://www.w3.org/2003/01/geo/wgs84_pos#"
	>

<channel>
	<title>Shop - GlassArt</title>
	<atom:link href="http://localhost/progetto1/shop/feed/?simply_static_page=135" rel="self" type="application/rss+xml" />
	<link></link>
	<description></description>
	<lastBuildDate>Fri, 03 Mar 2023 16:18:46 +0000</lastBuildDate>
	<language>it-IT</language>
	<sy:updatePeriod>
	hourly	</sy:updatePeriod>
	<sy:updateFrequency>
	1	</sy:updateFrequency>
	<generator>https://wordpress.org/?v=6.1.1</generator>

<image>
	<url>/wp-content/uploads/2017/07/cropped-belinni-favicon-80x80.png</url>
	<title>Shop - GlassArt</title>
	<link></link>
	<width>32</width>
	<height>32</height>
</image> 
	<item>
		<title>Cavallo in vetro artigianale</title>
		<link>/product/flowers/?utm_source=rss#038;utm_medium=rss&#038;utm_campaign=flowers</link>
					<comments>/product/flowers/#respond</comments>
		
		<dc:creator><![CDATA[samuele]]></dc:creator>
		<pubDate>Wed, 24 May 2017 11:41:39 +0000</pubDate>
				<guid isPermaLink="false">http://belinni.pixel-show.com/?post_type=product&#038;p=408</guid>

					<description><![CDATA[<p>Vi presentiamo il nostro ultimo capolavoro, un prodotto unico nel suo genere per i veri amanti dei cavalli: il cavallo in vetro artigianale.</p>
<p>Questo splendido cavallo è stato interamente realizzato a mano, con la tecnica del soffiaggio del vetro, da un maestro vetraio di grande talento. Ogni dettaglio è stato curato con la massima precisione e maestria, dando vita ad un pezzo unico ed esclusivo.</p>
<p>La luminosità del vetro conferisce al cavallo una bellezza senza pari, esaltandone la forza e l'eleganza. La sua trasparenza permette di ammirare le linee sinuose e delicate del corpo del cavallo, rendendo l'oggetto un'opera d'arte senza tempo.</p>
<p>The post <a href="/shop/">Shop</a> first appeared on <a href="">GlassArt</a>.</p>]]></description>
										<content:encoded><![CDATA[<p>Vi presentiamo il nostro ultimo capolavoro, un prodotto unico nel suo genere per i veri amanti dei cavalli: il cavallo in vetro artigianale.</p>
<p>Questo splendido cavallo è stato interamente realizzato a mano, con la tecnica del soffiaggio del vetro, da un maestro vetraio di grande talento. Ogni dettaglio è stato curato con la massima precisione e maestria, dando vita ad un pezzo unico ed esclusivo.</p>
<p>La luminosità del vetro conferisce al cavallo una bellezza senza pari, esaltandone la forza e l&#8217;eleganza. La sua trasparenza permette di ammirare le linee sinuose e delicate del corpo del cavallo, rendendo l&#8217;oggetto un&#8217;opera d&#8217;arte senza tempo.</p><p>The post <a href="/shop/">Shop</a> first appeared on <a href="">GlassArt</a>.</p>]]></content:encoded>
					
					<wfw:commentRss>/product/flowers/feed/</wfw:commentRss>
			<slash:comments>0</slash:comments>
		
		
			</item>
		<item>
		<title>Vaso in vetro artigianale</title>
		<link>/product/stylish-%d1%81actus/?utm_source=rss#038;utm_medium=rss&#038;utm_campaign=stylish-%25d1%2581actus</link>
					<comments>/product/stylish-%d1%81actus/#comments</comments>
		
		<dc:creator><![CDATA[samuele]]></dc:creator>
		<pubDate>Wed, 24 May 2017 11:40:10 +0000</pubDate>
				<guid isPermaLink="false">http://belinni.pixel-show.com/?post_type=product&#038;p=406</guid>

					<description><![CDATA[<p>Il nostro vaso in vetro fatto a mano è un'opera d'arte che unisce la bellezza e l'eleganza del vetro soffiato alla maestria artigiana di un vero e proprio maestro vetraio. Ogni vaso è unico, poiché la sua realizzazione avviene interamente a mano, con una cura e una precisione che solo un artigiano esperto può garantire.</p>
<p>Il vetro utilizzato per la realizzazione di questo vaso è di alta qualità, cristallino e trasparente, in grado di riflettere la luce e creare riflessi unici. La sua forma è slanciata e sinuosa, con linee fluide e morbide che si adattano perfettamente a qualsiasi ambiente e stile di arredamento.</p>
<p>Il vaso è ideale per contenere fiori o piante, grazie alla sua forma allungata e alla sua stabilità garantita dalla base ampia e solida. Il vetro è resistente e duraturo, in grado di conservare il suo splendore e la sua trasparenza nel tempo.</p>
<p>Il vaso in vetro fatto a mano è un'opzione di design perfetta per arricchire qualsiasi ambiente, dalla casa alla stanza da lavoro, dagli spazi esterni ai locali commerciali. La sua bellezza e la sua originalità sono uniche, in grado di catturare l'attenzione di chiunque lo veda.</p>
<p>The post <a href="/shop/">Shop</a> first appeared on <a href="">GlassArt</a>.</p>]]></description>
										<content:encoded><![CDATA[<p>Il nostro vaso in vetro fatto a mano è un&#8217;opera d&#8217;arte che unisce la bellezza e l&#8217;eleganza del vetro soffiato alla maestria artigiana di un vero e proprio maestro vetraio. Ogni vaso è unico, poiché la sua realizzazione avviene interamente a mano, con una cura e una precisione che solo un artigiano esperto può garantire.</p>
<p>Il vetro utilizzato per la realizzazione di questo vaso è di alta qualità, cristallino e trasparente, in grado di riflettere la luce e creare riflessi unici. La sua forma è slanciata e sinuosa, con linee fluide e morbide che si adattano perfettamente a qualsiasi ambiente e stile di arredamento.</p>
<p>Il vaso è ideale per contenere fiori o piante, grazie alla sua forma allungata e alla sua stabilità garantita dalla base ampia e solida. Il vetro è resistente e duraturo, in grado di conservare il suo splendore e la sua trasparenza nel tempo.</p>
<p>Il vaso in vetro fatto a mano è un&#8217;opzione di design perfetta per arricchire qualsiasi ambiente, dalla casa alla stanza da lavoro, dagli spazi esterni ai locali commerciali. La sua bellezza e la sua originalità sono uniche, in grado di catturare l&#8217;attenzione di chiunque lo veda.</p><p>The post <a href="/shop/">Shop</a> first appeared on <a href="">GlassArt</a>.</p>]]></content:encoded>
					
					<wfw:commentRss>/product/stylish-%d1%81actus/feed/</wfw:commentRss>
			<slash:comments>1</slash:comments>
		
		
			</item>
		<item>
		<title>Arcobaleno in vetro</title>
		<link>/product/delicious-berries/?utm_source=rss#038;utm_medium=rss&#038;utm_campaign=delicious-berries</link>
					<comments>/product/delicious-berries/#comments</comments>
		
		<dc:creator><![CDATA[samuele]]></dc:creator>
		<pubDate>Wed, 24 May 2017 11:37:22 +0000</pubDate>
				<guid isPermaLink="false">http://belinni.pixel-show.com/?post_type=product&#038;p=405</guid>

					<description><![CDATA[<p>Il nostro arcobaleno in vetro fatto a mano è un'opera d'arte che incanta e stupisce per la sua bellezza e la sua precisione artigiana. Ogni pezzo è unico, realizzato interamente a mano da un maestro vetraio esperto che ha saputo unire la maestria artigiana alla creatività e alla fantasia.</p>
<p>L'arcobaleno è composto da sette colori diversi, disposti in modo armonioso e bilanciato. Il vetro utilizzato è di alta qualità, trasparente e cristallino, in grado di riflettere la luce e creare un gioco di riflessi che dona all'arcobaleno una bellezza unica.</p>
<p>L'arcobaleno può essere appeso a una finestra, a una parete o a qualsiasi altra superficie che possa valorizzarlo. La sua forma curva e sinuosa si adatta perfettamente a qualsiasi ambiente, dalla camera da letto al soggiorno, dalla cucina al bagno.</p>
<p>L'arcobaleno in vetro fatto a mano è un'opzione di design perfetta per aggiungere un tocco di colore e allegria alla tua casa o al tuo ufficio. La sua bellezza e la sua originalità sono in grado di catturare l'attenzione di chiunque lo veda, regalando emozioni e sensazioni di gioia e positività.</p>
<p>The post <a href="/shop/">Shop</a> first appeared on <a href="">GlassArt</a>.</p>]]></description>
										<content:encoded><![CDATA[<p>Il nostro arcobaleno in vetro fatto a mano è un&#8217;opera d&#8217;arte che incanta e stupisce per la sua bellezza e la sua precisione artigiana. Ogni pezzo è unico, realizzato interamente a mano da un maestro vetraio esperto che ha saputo unire la maestria artigiana alla creatività e alla fantasia.</p>
<p>L&#8217;arcobaleno è composto da sette colori diversi, disposti in modo armonioso e bilanciato. Il vetro utilizzato è di alta qualità, trasparente e cristallino, in grado di riflettere la luce e creare un gioco di riflessi che dona all&#8217;arcobaleno una bellezza unica.</p>
<p>L&#8217;arcobaleno può essere appeso a una finestra, a una parete o a qualsiasi altra superficie che possa valorizzarlo. La sua forma curva e sinuosa si adatta perfettamente a qualsiasi ambiente, dalla camera da letto al soggiorno, dalla cucina al bagno.</p>
<p>L&#8217;arcobaleno in vetro fatto a mano è un&#8217;opzione di design perfetta per aggiungere un tocco di colore e allegria alla tua casa o al tuo ufficio. La sua bellezza e la sua originalità sono in grado di catturare l&#8217;attenzione di chiunque lo veda, regalando emozioni e sensazioni di gioia e positività.</p><p>The post <a href="/shop/">Shop</a> first appeared on <a href="">GlassArt</a>.</p>]]></content:encoded>
					
					<wfw:commentRss>/product/delicious-berries/feed/</wfw:commentRss>
			<slash:comments>1</slash:comments>
		
		
			</item>
		<item>
		<title>Rana in vetro artigianale</title>
		<link>/product/beautiful-backpack/?utm_source=rss#038;utm_medium=rss&#038;utm_campaign=beautiful-backpack</link>
					<comments>/product/beautiful-backpack/#comments</comments>
		
		<dc:creator><![CDATA[samuele]]></dc:creator>
		<pubDate>Wed, 24 May 2017 11:36:02 +0000</pubDate>
				<guid isPermaLink="false">http://belinni.pixel-show.com/?post_type=product&#038;p=404</guid>

					<description><![CDATA[<p>La nostra rana in vetro fatto a mano è un'opera d'arte che incanta e stupisce per la sua bellezza e la sua precisione artigiana. Ogni pezzo è unico, realizzato interamente a mano da un maestro vetraio esperto che ha saputo unire la maestria artigiana alla creatività e alla fantasia.</p>
<p>La rana è realizzata in vetro di alta qualità, trasparente e cristallino, che dona alla figura un aspetto luminoso e affascinante. La forma è realistica e dettagliata, con le gambe, il corpo e gli occhi della rana ben definiti e sagomati con maestria.</p>
<p>La rana in vetro fatto a mano può essere utilizzata come elemento decorativo in diversi ambienti, dalla casa all'ufficio, dal giardino all'interno di un acquario. Grazie alla sua resistenza e alla sua durabilità, può essere posizionata anche all'esterno, magari in prossimità di una fontana o di un corso d'acqua, per creare un'atmosfera ancora più realistica.</p>
<p>La rana in vetro fatto a mano è un'opzione di design perfetta per arricchire qualsiasi ambiente con un tocco di originalità e di eleganza. La sua bellezza e la sua originalità sono uniche, in grado di catturare l'attenzione di chiunque la veda, regalando emozioni e sensazioni di serenità e armonia con la natura.</p>
<p>The post <a href="/shop/">Shop</a> first appeared on <a href="">GlassArt</a>.</p>]]></description>
										<content:encoded><![CDATA[<p>La nostra rana in vetro fatto a mano è un&#8217;opera d&#8217;arte che incanta e stupisce per la sua bellezza e la sua precisione artigiana. Ogni pezzo è unico, realizzato interamente a mano da un maestro vetraio esperto che ha saputo unire la maestria artigiana alla creatività e alla fantasia.</p>
<p>La rana è realizzata in vetro di alta qualità, trasparente e cristallino, che dona alla figura un aspetto luminoso e affascinante. La forma è realistica e dettagliata, con le gambe, il corpo e gli occhi della rana ben definiti e sagomati con maestria.</p>
<p>La rana in vetro fatto a mano può essere utilizzata come elemento decorativo in diversi ambienti, dalla casa all&#8217;ufficio, dal giardino all&#8217;interno di un acquario. Grazie alla sua resistenza e alla sua durabilità, può essere posizionata anche all&#8217;esterno, magari in prossimità di una fontana o di un corso d&#8217;acqua, per creare un&#8217;atmosfera ancora più realistica.</p>
<p>La rana in vetro fatto a mano è un&#8217;opzione di design perfetta per arricchire qualsiasi ambiente con un tocco di originalità e di eleganza. La sua bellezza e la sua originalità sono uniche, in grado di catturare l&#8217;attenzione di chiunque la veda, regalando emozioni e sensazioni di serenità e armonia con la natura.</p><p>The post <a href="/shop/">Shop</a> first appeared on <a href="">GlassArt</a>.</p>]]></content:encoded>
					
					<wfw:commentRss>/product/beautiful-backpack/feed/</wfw:commentRss>
			<slash:comments>1</slash:comments>
		
		
			</item>
	</channel>
</rss>
